{"total_energy":21.014475798707014,"power_avg":0.05266785914462911,"duration":3.99}