{"total_energy":20.984042328004847,"power_avg":0.05272372444222324,"duration":3.98}