{"total_energy":32.88461232917309,"power_avg":0.2786831553319753,"duration":5.9}