{"total_energy":21.83205010438445,"power_avg":0.05260734964911916,"duration":4.15}