{"total_energy":26.68457190505984,"power_avg":0.05468149980545049,"duration":4.88}