{"total_energy":31.43044575593472,"power_avg":0.2781455376631391,"duration":5.65}