{"total_energy":26.50899241015432,"power_avg":0.05465771630959654,"duration":4.85}