{"total_energy":31.724004387521745,"power_avg":0.2782807402414188,"duration":5.7}