{"total_energy":26.087939024448374,"power_avg":0.054691696068025944,"duration":4.77}