{"total_energy":26.565668758568748,"power_avg":0.05454962784100359,"duration":4.87}