{"total_energy":20.96599902738571,"power_avg":0.05281108067351564,"duration":3.97}