{"total_energy":21.13700510830877,"power_avg":0.052710735930944566,"duration":4.01}