{"total_energy":21.3925222880602,"power_avg":0.05269094159620739,"duration":4.06}