{"total_energy":21.363333049125654,"power_avg":0.0526190469190287,"duration":4.06}