{"total_energy":21.27016182926655,"power_avg":0.05264891541897661,"duration":4.04}