{"total_energy":21.38754252198219,"power_avg":0.05267867616251771,"duration":4.06}