{"total_energy":27.490814726614943,"power_avg":0.054871885681866156,"duration":5.01}