{"total_energy":21.31112422425749,"power_avg":0.052750307485785866,"duration":4.04}