{"total_energy":21.068947344784725,"power_avg":0.05267236836196181,"duration":4}