{"total_energy":31.511176773452767,"power_avg":0.27885997144648467,"duration":5.65}