{"total_energy":28.456751589336395,"power_avg":0.054829964526659725,"duration":5.19}