{"total_energy":21.764579057173723,"power_avg":0.05269873863722451,"duration":4.13}