{"total_energy":26.138798880558014,"power_avg":0.05468367966643936,"duration":4.78}