{"total_energy":21.574175748987194,"power_avg":0.05261994085118828,"duration":4.1}