{"total_energy":21.347667398710254,"power_avg":0.052840760887896666,"duration":4.04}