{"total_energy":27.496682282767292,"power_avg":0.054883597370793,"duration":5.01}