{"total_energy":32.264133572554584,"power_avg":0.2781390825220223,"duration":5.8}