{"total_energy":21.056511883478155,"power_avg":0.052641279708695386,"duration":4}