{"total_energy":28.62897994565964,"power_avg":4.77149665760994,"duration":6}