{"total_energy":21.589450694823274,"power_avg":0.05265719681664213,"duration":4.1}