{"total_energy":21.08341381986141,"power_avg":0.052708534549653525,"duration":4}