{"total_energy":31.780449156546588,"power_avg":0.2787758697942683,"duration":5.7}