{"total_energy":27.14038422490119,"power_avg":0.05482905904020442,"duration":4.95}