{"total_energy":31.77672211775779,"power_avg":0.27874317647155955,"duration":5.7}