{"total_energy":21.7282486497545,"power_avg":0.052738467596491506,"duration":4.12}