{"total_energy":21.522927755932795,"power_avg":0.05262329524677945,"duration":4.09}