{"total_energy":31.455082673311235,"power_avg":0.2783635634806304,"duration":5.65}