{"total_energy":26.178689457144753,"power_avg":0.05453893636905157,"duration":4.8}