{"total_energy":21.021787606725695,"power_avg":0.05281856182594396,"duration":3.98}