{"total_energy":27.363902898573873,"power_avg":0.27092973166904827,"duration":5.05}