{"total_energy":21.347171037516596,"power_avg":0.052709064290164434,"duration":4.05}