{"total_energy":31.712224079465862,"power_avg":0.2806391511457156,"duration":5.65}