{"total_energy":21.55974969176768,"power_avg":0.05271332442974983,"duration":4.09}