{"total_energy":21.204368532576556,"power_avg":0.05261629908827929,"duration":4.03}