{"total_energy":21.435904434337615,"power_avg":0.05266806986323738,"duration":4.07}