{"total_energy":25.995088835954647,"power_avg":0.0547265028125361,"duration":4.75}