{"total_energy":21.144272499632834,"power_avg":0.05272885910132876,"duration":4.01}