{"total_energy":31.21967898159027,"power_avg":0.27874713376419885,"duration":5.6}