{"total_energy":21.04297980335237,"power_avg":0.052739297752762836,"duration":3.99}