{"total_energy":21.083709590125082,"power_avg":0.052709273975312707,"duration":4}