{"total_energy":21.224538211941727,"power_avg":0.05266634792045093,"duration":4.03}